[{"@type":"mappingTemplate","id":"@1","name":"Mapping11","description":"","bundleVersion":"0","templateId":"@3","deployTime":1601463298000,"hasParameters":false,"valid":true,"fixedConnection":true,"hasParametersDeployed":false,"fixedConnectionDeployed":true,"tasks":0,"mappingPreviewFileRecordId":"@2","documentType":"MAPPING","references":[{"@type":"reference","refObjectId":"@6E7QhkKTMlUgdUtFJsfYEe","refType":"connection"},{"@type":"reference","refObjectId":"@6iVSuDtlbTZlKwBKZr8u2R","refType":"connection"}]}]