[{"@type":"businessService","id":"@1","name":"Business Service3","description":"","type":"WebService","connectionId":"@3I3J7rjcJ5ajpotOGoAx6G","businessOperations":[{"@type":"businessOperation","id":"@f8BvuZGYZsybpaDlva4Bk9@getUserByName","originName":"getUserByName","name":"getUserByName","description":"","configured":false,"metadataId":"@4","requestId":"@5","responseId":"@6","faultId":"@3","extensionXmlId":"@2"},{"@type":"businessOperation","id":"@f8BvuZGYZsybpaDlva4Bk9@addPet","originName":"addPet","name":"addPet","description":"","configured":false,"metadataId":"@9","requestId":"@10","responseId":"@11","faultId":"@8","extensionXmlId":"@7"}]}]