[{"@type":"fileRecord","id":"@4","name":"metadata","type":"JSON","size":4203,"attachTime":1617602974000},{"@type":"fileRecord","id":"@5","name":"request","type":"XSD","size":5949,"attachTime":1617602974000},{"@type":"fileRecord","id":"@6","name":"response","type":"XSD","size":9223,"attachTime":1617602974000},{"@type":"fileRecord","id":"@3","name":"fault","type":"XSD","size":6230,"attachTime":1617602974000},{"@type":"fileRecord","id":"@2","name":"extension","type":"XML","size":27652,"attachTime":1617602974000}]