[{"@type":"mappingTemplate","id":"@1","name":"Mapping118","description":"","bundleVersion":"0","templateId":"@3","deployTime":1617274060000,"hasParameters":false,"valid":true,"fixedConnection":true,"hasParametersDeployed":false,"fixedConnectionDeployed":true,"tasks":1,"mappingPreviewFileRecordId":"@2","documentType":"MAPPING","references":[{"@type":"reference","refObjectId":"@f8BvuZGYZsybpaDlva4Bk9","refType":"businessService"},{"@type":"reference","refObjectId":"@9OKYu2SFtT5hcgq04qvrS0","refType":"connection"},{"@type":"reference","refObjectId":"@6E7QhkKTMlUgdUtFJsfYEe","refType":"connection"}]}]